Nome,Cognome,Nazionalit√†,R,Squadra,Quotazioni,Anno di nascita,Mv,Fm,Partite a voto,Gf,Gs,Rigori parati,Rigori calciati,Rigori segnati,Assist,Ammonizioni,Espulsioni,Autogol
Yann,Sommer,SWITZERLAND,POR,Inter,"17,0",17/12/1988,"6,12","5,63",34,0,19,1,0,0,0,1,0,0
Wojciech,Szczesny,POLAND,POR,Juventus,"16,0",18/04/1990,"6,21","5,43",35,0,30,1,0,0,0,1,0,0
Mile,Svilar,"SERBIA,BELGIUM",POR,Roma,"16,0",27/08/1999,"6,47","5,37",15,0,19,1,0,0,0,1,0,0
Michele,Di Gregorio,ITALY,POR,Monza,"16,0",27/07/1997,"6,35","5,47",33,0,35,2,0,0,0,0,0,0
Lukasz,Skorupski,POLAND,POR,Bologna,"15,0",05/05/1991,"6,17","5,33",32,0,29,1,0,0,0,2,0,0
Pietro,Terracciano,ITALY,POR,Fiorentina,"15,0",08/03/1990,"6,27","5,26",33,0,35,1,0,0,0,3,0,0
Marco,Carnesecchi,ITALY,POR,Atalanta,"15,0",01/07/2000,"6,19","5,3",27,0,30,2,0,0,0,0,0,0
Vanja,Milinkovic-Savic V.,"SERBIA,SPAIN",POR,Torino,"14,0",20/02/1997,"6,12","5,24",36,0,31,0,0,0,0,2,0,0
Elia,Caprile,ITALY,POR,Empoli,"14,0",25/08/2001,"6,26","5,22",23,0,27,1,0,0,0,0,0,0
Alex,Meret,ITALY,POR,Napoli,"13,0",22/03/1997,"6,06","4,97",31,0,40,2,0,0,0,0,0,0
Lorenzo,Montipo',ITALY,POR,Verona,"13,0",20/02/1996,"6,31","4,99",37,0,49,0,0,0,0,0,0,0
Wladimiro,Falcone,ITALY,POR,Lecce,"12,0",12/04/1995,"6,25","4,91",38,0,54,1,0,0,0,0,0,0
Ivan,Provedel,ITALY,POR,Lazio,"12,0",17/03/1994,"6,23","5,13",30,0,33,0,0,0,0,0,0,0
Josep,Martinez Jo.,SPAIN,POR,Genoa,"12,0",27/05/1998,"6,14","4,97",36,0,43,1,0,0,0,2,1,0
Maduka,Okoye,"NIGERIA,GERMANY",POR,Udinese,"12,0",28/08/1999,"6,17","4,93",21,0,25,0,0,0,0,2,0,0
Christos,Mandas,GREECE,POR,Lazio,"11,0",17/09/2001,"6,25","5,5",8,0,6,0,0,0,0,0,0,0
,Maignan,,POR,Milan,"10,0",,"6,05","4,86",29,0,34,0,0,0,1,1,1,0
,Ravaglia F.,,POR,Bologna,"9,0",,"6,33","6,33",6,0,3,1,0,0,0,0,0,0
,Consigli,,POR,Sassuolo,"7,0",,"6,14","4,27",35,0,68,1,0,0,0,1,0,0
,Scuffet,,POR,Cagliari,"7,0",,"6,13","4,31",31,0,55,0,0,0,0,3,0,0
,Rui Patricio,,POR,Roma,"5,0",,"5,98","4,78",23,0,27,0,0,0,0,1,0,0
,Turati,,POR,Frosinone,"7,0",,"6,19","4,42",31,0,58,1,0,0,0,0,0,0
,Sportiello,,POR,Milan,"6,0",,"6,14","4,57",7,0,11,0,0,0,0,0,0,0
,Audero,,POR,Inter,"6,0",,6,"5,25",4,0,3,0,0,0,0,0,0,0
,Musso,,POR,Atalanta,"5,0",,"6,14","5,05",11,0,12,0,0,0,0,0,0,0
,Perin,,POR,Juventus,"4,0",,6,"5,67",3,0,1,0,0,0,0,0,0,0
,Cerofolini,,POR,Frosinone,"4,0",,"5,94","4,25",8,0,11,0,0,0,0,1,0,1
,Ochoa,,POR,Salernitana,"4,0",,"6,31","4,21",21,0,44,0,0,0,0,0,0,0
,Berisha,,POR,Empoli,"3,0",,"6,11","4,54",14,0,25,1,0,0,0,0,0,0
,Perilli,,POR,Verona,"3,0",,"7,5","5,5",1,0,2,0,0,0,0,0,0,0
,Di Gennaro,,POR,Inter,"3,0",,"6,5","6,5",1,0,0,0,0,0,0,0,0,0
,Pinsoglio,,POR,Juventus,"3,0",,"6,5","6,5",1,0,0,0,0,0,0,0,0,0
,Rossi F.,,POR,Atalanta,"3,0",,"6,5","6,5",1,0,0,0,0,0,0,0,0,0
,Leali,,POR,Genoa,"2,0",,"6,5","5,25",2,0,2,0,0,0,0,1,0,0
,Gollini,,POR,Napoli,"2,0",,6,"4,86",7,0,8,0,0,0,0,0,0,0
,Aresti,,POR,Cagliari,"2,0",,6,5,1,0,1,0,0,0,0,0,0,0
,Fiorillo,,POR,Salernitana,"2,0",,6,"3,88",4,0,8,0,0,0,0,1,0,0
,Cragno,,POR,Sassuolo,"2,0",,6,"3,67",3,0,7,0,0,0,0,0,0,0
,Silvestri,,POR,Udinese,"2,0",,"5,82","4,18",17,0,28,0,0,0,0,0,0,0
,Sorrentino A.,,POR,Monza,"2,0",,6,"3,71",7,0,16,0,0,0,0,0,0,0
,Radunovic,,POR,Cagliari,"1,0",,"5,71",4,7,0,12,0,0,0,0,0,0,0
,Mirante,,POR,Milan,"1,0",,"6,25","4,75",2,0,3,0,0,0,0,0,0,0
,Sepe,,POR,Lazio,"1,0",,0,0,0,0,0,0,0,0,0,0,0,0
,Lamanna,,POR,Monza,"1,0",,0,0,0,0,0,0,0,0,0,0,0,0
,Sommariva,,POR,Genoa,"1,0",,0,0,0,0,0,0,0,0,0,0,0,0
,Pegolo,,POR,Sassuolo,"1,0",,0,0,0,0,0,0,0,0,0,0,0,0
,Padelli,,POR,Udinese,"1,0",,0,0,0,0,0,0,0,0,0,0,0,0
,Perisan,,POR,Empoli,"1,0",,5,3,1,0,2,0,0,0,0,0,0,0
,Costil,,POR,Salernitana,"1,0",,"6,19","3,96",13,0,29,0,0,0,0,0,0,0
,Frattali,,POR,Frosinone,"1,0",,0,0,0,0,0,0,0,0,0,0,0,0
,Contini,,POR,Napoli,"1,0",,6,6,1,0,0,0,0,0,0,0,0,0
,Brancolini,,POR,Lecce,"1,0",,0,0,0,0,0,0,0,0,0,0,0,0
,Bleve,,POR,Lecce,"1,0",,0,0,0,0,0,0,0,0,0,0,0,0
,Berardi A.,,POR,Verona,"1,0",,0,0,0,0,0,0,0,0,0,0,0,0
,Gemello,,POR,Torino,"1,0",,5,"2,5",2,0,5,0,0,0,0,0,0,0
,Boer,,POR,Roma,"1,0",,0,0,0,0,0,0,0,0,0,0,0,0
,Adamonis,,POR,Lazio,"1,0",,0,0,0,0,0,0,0,0,0,0,0,0
,Piana,,POR,Udinese,"1,0",,0,0,0,0,0,0,0,0,0,0,0,0
,Bagnolini,,POR,Bologna,"1,0",,0,0,0,0,0,0,0,0,0,0,0,0
,Luis Maximiano,,POR,Lazio,"1,0",,0,0,0,0,0,0,0,0,0,0,0,0
,Martinelli T.,,POR,Fiorentina,"1,0",,"6,5","4,5",1,0,2,0,0,0,0,0,0,0
,Popa,,POR,Torino,"1,0",,0,0,0,0,0,0,0,0,0,0,0,0
,Stubljar,,POR,Empoli,"1,0",,0,0,0,0,0,0,0,0,0,0,0,0
,Stankovic F.,,POR,Inter,"1,0",,0,0,0,0,0,0,0,0,0,0,0,0
,Gori,,POR,Monza,"1,0",,0,0,0,0,0,0,0,0,0,0,0,0
,Christensen O.,,POR,Fiorentina,"1,0",,"5,5","3,25",4,0,9,0,0,0,0,0,0,0
,Borbei,,POR,Lecce,"1,0",,0,0,0,0,0,0,0,0,0,0,0,0
,Palmisani,,POR,Frosinone,"1,0",,0,0,0,0,0,0,0,0,0,0,0,0
,Nava,,POR,Milan,"1,0",,"5,5","4,5",1,0,1,0,0,0,0,0,0,0
,Gasperini T.,,POR,Bologna,"1,0",,0,0,0,0,0,0,0,0,0,0,0,0
,Samooja,,POR,Lecce,"1,0",,0,0,0,0,0,0,0,0,0,0,0,0
,Stolz,,POR,Genoa,"1,0",,0,0,0,0,0,0,0,0,0,0,0,0
,Dimarco,,DIF,Inter,"24,0",,"6,48","7,18",30,5,0,0,0,0,6,0,0,0
,Zortea,,DIF,Frosinone,"16,0",,"6,16","6,63",19,2,0,0,0,0,5,4,0,0
,Dumfries,,DIF,Inter,"16,0",,"6,1","6,53",30,4,0,0,0,0,3,2,1,0
,Buongiorno,,DIF,Torino,"15,0",,"6,31","6,5",29,3,0,0,0,0,0,7,0,0
,Hernandez T.,,DIF,Milan,"15,0",,"6,17","6,45",32,5,0,0,2,1,3,10,1,0
,Acerbi,,DIF,Inter,"14,0",,"6,17","6,5",29,3,0,0,0,0,1,1,0,0
,Bastoni,,DIF,Inter,"14,0",,"6,32","6,45",28,1,0,0,0,0,3,5,0,0
,Bremer,,DIF,Juventus,"14,0",,"6,24","6,36",36,3,0,0,0,0,0,9,0,0
,Bellanova,,DIF,Torino,"14,0",,"6,14","6,35",36,1,0,0,0,0,7,5,0,0
,Carlos Augusto,,DIF,Inter,"14,0",,"6,14","6,21",35,0,0,0,0,0,3,1,0,0
,Darmian,,DIF,Inter,"13,0",,"6,14","6,33",32,2,0,0,0,0,1,2,0,0
,Calafiori,,DIF,Bologna,"13,0",,"6,35","6,57",27,2,0,0,0,0,4,4,0,1
,Martinez Quarta,,DIF,Fiorentina,"13,0",,"6,04","6,41",28,5,0,0,0,0,0,9,0,0
,Dragusin,,DIF,Genoa,"13,0",,"6,11","6,45",19,2,0,0,0,0,1,1,0,0
,Vasquez,,DIF,Genoa,"13,0",,"6,16","6,19",35,1,0,0,0,0,1,6,0,0
,Bisseck,,DIF,Inter,"13,0",,"6,36",7,11,2,0,0,0,0,1,0,0,0
,Rodriguez R.,,DIF,Torino,"12,0",,"6,11","6,17",35,1,0,0,0,0,1,4,0,0
,Di Lorenzo,,DIF,Napoli,"12,0",,"6,07","6,21",36,1,0,0,0,0,5,6,0,0
,Tomori,,DIF,Milan,"12,0",,6,"6,32",25,4,0,0,0,0,0,6,1,0
,Scalvini,,DIF,Atalanta,"11,0",,"6,06","6,2",33,1,0,0,0,0,3,3,0,0
,Luperto,,DIF,Empoli,"11,0",,6,"6,05",38,1,0,0,0,0,1,4,0,0
,Mancini,,DIF,Roma,"11,0",,"5,99","6,2",35,4,0,0,0,0,0,9,0,0
,Mina,,DIF,Cagliari,"11,0",,"6,03","6,27",15,2,0,0,1,1,0,5,0,0
,Maehle,,DIF,Atalanta,"11,0",,0,0,0,0,0,0,0,0,0,0,0,0
,Gendrey,,DIF,Lecce,"11,0",,"5,92","6,09",37,2,0,0,0,0,3,5,0,0
,Posch,,DIF,Bologna,"11,0",,"6,1","6,15",30,1,0,0,0,0,2,7,0,0
,De Vrij,,DIF,Inter,"10,0",,"6,27","6,41",22,1,0,0,0,0,0,0,0,0
,Zappacosta,,DIF,Atalanta,"10,0",,"5,92","6,06",31,2,0,0,0,0,1,5,0,0
,Spinazzola,,DIF,Roma,"10,0",,"6,09","6,3",23,1,0,0,0,0,2,0,0,0
,Pavard,,DIF,Inter,"10,0",,"6,29","6,24",21,0,0,0,0,0,2,6,0,0
,Danilo,,DIF,Juventus,"10,0",,"6,09","6,11",28,1,0,0,0,0,1,7,0,0
,Gallo,,DIF,Lecce,"10,0",,"5,94",6,34,0,0,0,0,0,3,2,0,0
,Ruggeri,,DIF,Atalanta,"10,0",,"5,97","6,08",33,0,0,0,0,0,5,3,0,0
,Cambiaso,,DIF,Juventus,"10,0",,6,"6,12",34,2,0,0,0,0,3,10,0,0
,Kamara H.,,DIF,Udinese,"10,0",,"6,06","6,1",31,1,0,0,0,0,0,4,0,0
,Gatti,,DIF,Juventus,"10,0",,"5,97","6,11",32,4,0,0,0,0,0,7,0,2
,Lucumi',,DIF,Bologna,"10,0",,"6,1","6,07",29,0,0,0,0,0,0,2,0,0
,Kayode,,DIF,Fiorentina,"10,0",,"6,06","6,17",26,1,0,0,0,0,1,2,0,0
,Biraghi,,DIF,Fiorentina,"9,0",,"5,96","6,11",28,2,0,0,1,0,5,8,0,0
,Patric,,DIF,Lazio,"9,0",,"6,08","6,29",19,2,0,0,0,0,0,4,0,0
,Calabria,,DIF,Milan,"9,0",,"5,95","6,03",29,1,0,0,0,0,3,3,2,0
,Florenzi,,DIF,Milan,"9,0",,6,"6,19",27,1,0,0,0,0,4,5,0,0
,Lirola,,DIF,Frosinone,"9,0",,"5,75","6,02",24,2,0,0,0,0,1,1,0,0
,Gosens,,DIF,Inter,"9,0",,0,0,0,0,0,0,0,0,0,0,0,0
,Kolasinac,,DIF,Atalanta,"9,0",,"6,03","6,07",29,1,0,0,0,0,0,4,0,0
,Rrahmani,,DIF,Napoli,"9,0",,"5,93","6,15",30,3,0,0,0,0,0,5,0,0
,Angelino,,DIF,Roma,"8,0",,"5,94","5,88",16,0,0,0,0,0,2,2,0,1
,Kristiansen,,DIF,Bologna,"8,0",,"5,97",6,30,0,0,0,0,0,3,4,0,0
,Rugani,,DIF,Juventus,"8,0",,"6,11","6,46",14,2,0,0,0,0,0,2,0,0
,De Silvestri,,DIF,Bologna,"8,0",,"6,17","6,67",12,2,0,0,0,0,0,0,0,0
,Djimsiti,,DIF,Atalanta,"8,0",,"5,94","5,92",36,0,0,0,0,0,1,4,0,0
,Bani,,DIF,Genoa,"8,0",,"6,02","6,07",27,2,0,0,0,0,0,9,0,0
,Demiral,,DIF,Atalanta,"8,0",,0,0,0,0,0,0,0,0,0,0,0,0
,Lazaro,,DIF,Torino,"8,0",,"6,02","6,07",30,0,0,0,0,0,3,3,0,0
,Gabbia,,DIF,Milan,"8,0",,"6,06","6,26",17,2,0,0,0,0,0,5,0,0
,Toljan,,DIF,Sassuolo,"8,0",,"5,92","6,06",24,0,0,0,0,0,4,1,0,0
,Zappa,,DIF,Cagliari,"8,0",,"5,8","5,91",37,1,0,0,0,0,2,2,0,0
,Singo,,DIF,Torino,"8,0",,0,0,0,0,0,0,0,0,0,0,0,0
,Mari',,DIF,Monza,"8,0",,"5,98","5,88",33,0,0,0,0,0,0,7,0,0
,Birindelli,,DIF,Monza,"8,0",,6,"5,89",32,0,0,0,0,0,0,7,0,0
,Bijol,,DIF,Udinese,"8,0",,"6,08",6,24,0,0,0,0,0,0,4,0,0
,Sambia,,DIF,Salernitana,"7,0",,"5,91","6,09",16,1,0,0,0,0,2,4,0,0
,Beukema,,DIF,Bologna,"7,0",,"6,02","6,02",30,1,0,0,0,0,0,4,1,0
,Dossena,,DIF,Cagliari,"7,0",,"5,84","5,94",35,2,0,0,0,0,4,5,0,2
,Romagnoli S.,,DIF,Frosinone,"7,0",,"5,83","5,83",33,1,0,0,0,0,0,6,0,0
,Sabelli,,DIF,Genoa,"7,0",,"5,92","5,87",31,0,0,0,0,0,1,5,0,0
,Lykogiannis,,DIF,Bologna,"7,0",,"5,97","6,36",18,2,0,0,0,0,2,2,0,0
,Magnani,,DIF,Verona,"7,0",,6,"5,9",30,0,0,0,0,0,0,6,0,0
,Smalling,,DIF,Roma,"7,0",,"5,83","5,83",6,0,0,0,0,0,0,0,0,0
,Ibanez,,DIF,Roma,"7,0",,0,0,0,0,0,0,0,0,0,0,0,0
,Augello,,DIF,Cagliari,"7,0",,"5,77","5,81",32,1,0,0,0,0,1,5,0,0
,Monterisi,,DIF,Frosinone,"7,0",,"5,83","6,25",18,2,0,0,0,0,2,1,0,0
,Llorente D.,,DIF,Roma,"7,0",,"5,91","5,97",29,1,0,0,0,0,1,5,0,0
,Pongracic,,DIF,Lecce,"7,0",,"5,94","5,81",36,0,0,0,0,0,0,8,1,0
,Perez N.,,DIF,Udinese,"7,0",,"5,94","5,82",36,0,0,0,0,0,0,7,1,0
,Holm,,DIF,Atalanta,"7,0",,"5,94","6,08",18,1,0,0,0,0,1,5,0,0
,Spence,,DIF,Genoa,"6,0",,6,"5,97",15,0,0,0,0,0,0,1,0,0
,Schuurs,,DIF,Torino,"6,0",,"6,11","6,33",9,1,0,0,0,0,0,2,0,0
,Ehizibue,,DIF,Udinese,"6,0",,"5,88","5,82",20,0,0,0,0,0,1,4,0,0
,Dorgu,,DIF,Lecce,"6,0",,"5,9",6,29,2,0,0,0,0,0,6,0,0
,Manolas,,DIF,Salernitana,"6,0",,"5,81","5,81",8,0,0,0,0,0,0,0,0,0
,Romagnoli,,DIF,Lazio,"6,0",,"5,96","5,8",28,0,0,0,0,0,0,9,0,0
,Bereszynski,,DIF,Empoli,"6,0",,"5,85","5,83",23,0,0,0,0,0,1,3,0,0
,Marusic,,DIF,Lazio,"6,0",,"5,72","5,73",37,1,0,0,0,0,0,3,1,0
,Lazzari,,DIF,Lazio,"6,0",,"5,94","5,9",24,0,0,0,0,0,2,4,1,0
,Rogerio,,DIF,Sassuolo,"6,0",,0,0,0,0,0,0,0,0,0,0,0,0
,Martin,,DIF,Genoa,"6,0",,"5,92","5,92",20,0,0,0,0,0,2,2,1,0
,N'Dicka,,DIF,Roma,"6,0",,"5,86","5,86",25,0,0,0,0,0,3,6,0,0
,Ranieri L.,,DIF,Fiorentina,"6,0",,"5,86","5,88",25,2,0,0,0,0,1,14,0,0
,Kyriakopoulos,,DIF,Monza,"6,0",,"5,87","5,93",27,0,0,0,0,0,3,3,0,0
,Erlic,,DIF,Sassuolo,"6,0",,"5,77","5,78",32,1,0,0,0,0,0,5,0,0
,Vojvoda,,DIF,Torino,"6,0",,"5,88","5,95",21,0,0,0,0,0,3,3,0,0
,Bakker,,DIF,Atalanta,"6,0",,"5,72",6,9,1,0,0,0,0,0,1,0,0
,Mazzocchi,,DIF,Napoli,"6,0",,"5,68","5,64",25,0,0,0,0,0,2,4,1,0
,Zanoli,,DIF,Salernitana,"6,0",,"5,83","5,75",18,0,0,0,0,0,2,4,0,1
,Ostigard,,DIF,Napoli,"6,0",,"5,9",6,20,1,0,0,0,0,0,2,0,0
,Coppola D.,,DIF,Verona,"6,0",,"5,85","5,92",20,2,0,0,0,0,0,9,0,0
,Gila,,DIF,Lazio,"6,0",,"6,02","5,93",21,0,0,0,0,0,0,2,1,0
,Doig,,DIF,Sassuolo,"6,0",,"5,82","5,77",28,0,0,0,0,0,2,7,0,0
,Valeri,,DIF,Frosinone,"5,0",,"5,6","5,57",15,0,0,0,0,0,1,3,0,0
,Hien,,DIF,Atalanta,"5,0",,"5,95","5,82",22,0,0,0,0,0,0,4,1,0
,Vogliacco,,DIF,Genoa,"5,0",,"6,03","5,97",15,0,0,0,0,0,1,4,0,0
,Pierozzi,,DIF,Salernitana,"5,0",,6,6,12,1,0,0,0,0,0,6,0,0
,Kristensen T.,,DIF,Udinese,"5,0",,"5,79","5,75",26,0,0,0,0,0,1,2,1,0
,Masina,,DIF,Torino,"5,0",,"5,87","5,8",15,0,0,0,0,0,0,2,0,0
,Cuadrado,,DIF,Inter,"5,0",,"6,05","6,2",10,0,0,0,0,0,2,1,0,0
,Ferrari G.,,DIF,Sassuolo,"5,0",,"5,56","5,59",27,1,0,0,0,0,0,4,0,0
,Karsdorp,,DIF,Roma,"5,0",,"6,03","6,08",18,0,0,0,0,0,2,2,0,0
,Boateng J.,,DIF,Salernitana,"5,0",,"5,83","5,83",6,0,0,0,0,0,0,0,0,0
,Walukiewicz,,DIF,Empoli,"5,0",,"5,76","5,65",27,0,0,0,0,0,0,6,0,0
,Carboni A.,,DIF,Monza,"5,0",,"5,88",6,21,1,0,0,0,0,0,1,0,0
,Caldirola,,DIF,Monza,"5,0",,"5,79","5,78",29,1,0,0,0,0,0,5,1,0
,Ismajli,,DIF,Empoli,"5,0",,"5,72","5,68",25,0,0,0,0,0,0,2,0,0
,Bastoni S.,,DIF,Empoli,"5,0",,"5,88",6,12,1,0,0,0,0,0,3,0,0
,Bradaric,,DIF,Salernitana,"5,0",,"5,72","5,74",34,0,0,0,0,0,3,5,0,0
,Haps,,DIF,Genoa,"5,0",,"5,93",6,14,0,0,0,0,0,1,0,0,0
,Viti,,DIF,Sassuolo,"5,0",,"5,89","5,96",14,1,0,0,0,0,0,0,0,1
,De Winter,,DIF,Genoa,"5,0",,"5,84","5,74",29,0,0,0,0,0,1,6,1,0
,Cacace,,DIF,Empoli,"5,0",,"5,73","5,66",28,0,0,0,0,0,1,6,0,0
,Baschirotto,,DIF,Lecce,"5,0",,"5,76","5,72",37,0,0,0,0,0,1,3,1,0
,Olivera,,DIF,Napoli,"4,0",,"5,82","5,89",22,1,0,0,0,0,0,3,0,0
,Cabal,,DIF,Verona,"4,0",,"5,82","5,66",19,0,0,0,0,0,0,6,0,0
,Zemura,,DIF,Udinese,"4,0",,"5,86","5,98",21,1,0,0,0,0,0,1,0,0
,Huijsen,,DIF,Roma,"4,0",,"5,86","6,05",11,2,0,0,0,0,0,4,0,1
,Hysaj,,DIF,Lazio,"4,0",,"5,7","5,65",20,0,0,0,0,0,0,2,0,0
,Izzo,,DIF,Monza,"4,0",,"5,82","5,62",20,0,0,0,0,0,0,9,0,0
,D'Ambrosio,,DIF,Monza,"4,0",,"5,79","5,69",24,0,0,0,0,0,0,3,1,0
,Juan Jesus,,DIF,Napoli,"4,0",,"5,69","5,67",24,1,0,0,0,0,0,7,0,0
,Bonucci,,DIF,Juventus,"4,0",,0,0,0,0,0,0,0,0,0,0,0,0
,Goldaniga,,DIF,Cagliari,"4,0",,"5,65","5,54",13,0,0,0,0,0,0,3,0,0
,Alex Sandro,,DIF,Juventus,"4,0",,6,"6,25",10,1,0,0,0,0,0,1,0,0
,Toloi,,DIF,Atalanta,"4,0",,"5,89","5,68",14,0,0,0,0,0,0,4,1,0
,Pereira P.,,DIF,Monza,"4,0",,"5,76","5,74",19,0,0,0,0,0,1,3,0,0
,Ceccherini,,DIF,Verona,"4,0",,0,0,0,0,0,0,0,0,0,0,0,0
,Fazio,,DIF,Salernitana,"4,0",,"5,71","5,85",17,1,0,0,0,0,1,3,0,0
,Biraschi,,DIF,Genoa,"4,0",,6,9,1,1,0,0,0,0,0,0,0,0
,Hateboer,,DIF,Atalanta,"4,0",,"5,83","5,78",18,0,0,0,0,0,1,5,0,0
,Milenkovic,,DIF,Fiorentina,"4,0",,"5,67","5,6",30,0,0,0,0,0,0,4,0,0
,Marchizza,,DIF,Frosinone,"4,0",,6,"6,19",13,0,0,0,0,0,3,1,0,0
,Kjaer,,DIF,Milan,"4,0",,"5,83","5,87",15,0,0,0,0,0,1,1,0,0
,Pellegrini Lu.,,DIF,Lazio,"4,0",,"5,79","5,76",17,1,0,0,0,0,0,5,1,0
,Okoli,,DIF,Frosinone,"4,0",,"5,72","5,62",34,0,0,0,0,0,1,9,0,0
,Dawidowicz,,DIF,Verona,"4,0",,"5,77","5,6",26,0,0,0,0,0,0,5,0,1
,Celik,,DIF,Roma,"3,0",,"5,92","5,88",12,0,0,0,0,0,0,1,0,0
,Vinagre,,DIF,Verona,"3,0",,"5,79","5,79",7,0,0,0,0,0,0,0,0,0
,Pirola,,DIF,Salernitana,"3,0",,"5,5","5,54",25,1,0,0,0,0,0,4,0,0
,Parisi,,DIF,Fiorentina,"3,0",,"5,69","5,64",21,0,0,0,0,0,1,4,0,0
,Vina,,DIF,Sassuolo,"3,0",,"5,7","5,6",15,0,0,0,0,0,3,1,0,2
,Terracciano F.,,DIF,Milan,"3,0",,"5,89","5,89",19,0,0,0,0,0,1,2,0,0
,Ebosele,,DIF,Udinese,"3,0",,"5,83","5,73",30,0,0,0,0,0,0,4,1,0
,Azzi,,DIF,Cagliari,"3,0",,"5,84","5,82",22,0,0,0,0,0,0,1,0,0
,Ferreira J.,,DIF,Udinese,"3,0",,"5,67","5,55",30,0,0,0,0,0,1,9,0,0
,Centonze,,DIF,Verona,"3,0",,"5,67","5,67",9,0,0,0,0,0,1,2,0,0
,Mario Rui,,DIF,Napoli,"2,0",,"5,82","5,74",19,0,0,0,0,0,2,5,1,0
,Pezzella Giu.,,DIF,Empoli,"2,0",,"5,63","5,5",15,0,0,0,0,0,0,4,0,0
,Bonifazi,,DIF,Frosinone,"2,0",,"5,75","5,75",6,0,0,0,0,0,0,0,0,0
,Djidji,,DIF,Torino,"2,0",,"5,96","5,88",12,0,0,0,0,0,0,2,0,0
,Kalulu,,DIF,Milan,"2,0",,"5,86","5,86",7,0,0,0,0,0,0,0,0,0
,Altare,,DIF,Cagliari,"2,0",,0,0,0,0,0,0,0,0,0,0,0,0
,Stojanovic,,DIF,Empoli,"2,0",,0,0,0,0,0,0,0,0,0,0,0,0
,Casale,,DIF,Lazio,"2,0",,"5,68","5,55",19,0,0,0,0,0,0,5,0,0
,Thiaw,,DIF,Milan,"2,0",,"5,68","5,4",20,0,0,0,0,0,0,5,1,1
,Missori,,DIF,Sassuolo,"2,0",,"5,75","5,75",6,0,0,0,0,0,0,0,0,0
,Kristensen,,DIF,Roma,"2,0",,"5,67","5,69",26,1,0,0,0,0,2,5,0,1
,Pedersen,,DIF,Sassuolo,"2,0",,"5,72","5,72",23,0,0,0,0,0,2,4,0,0
,Gyomber,,DIF,Salernitana,"2,0",,"5,36","5,07",22,0,0,0,0,0,0,9,0,1
,Venuti,,DIF,Lecce,"2,0",,"5,5","5,42",6,0,0,0,0,0,0,1,0,0
,Kabasele,,DIF,Udinese,"2,0",,"5,75","5,8",10,1,0,0,0,0,0,5,0,0
,Lovato,,DIF,Torino,"2,0",,"5,53","5,45",19,0,0,0,0,0,0,3,0,0
,Ballo-Toure',,DIF,Milan,"2,0",,0,0,0,0,0,0,0,0,0,0,0,0
,Amione,,DIF,Verona,"2,0",,"5,69","5,56",8,0,0,0,0,0,0,2,0,0
,Di Pardo,,DIF,Cagliari,"2,0",,"5,67","5,67",9,0,0,0,0,0,0,0,0,0
,Ebuehi,,DIF,Empoli,"2,0",,"5,8","5,87",15,0,0,0,0,0,1,0,0,0
,Djalo',,DIF,Juventus,"2,0",,6,6,1,0,0,0,0,0,0,0,0,0
,Daniliuc,,DIF,Salernitana,"2,0",,"5,45","5,36",11,0,0,0,0,0,0,2,0,0
,Soppy,,DIF,Torino,"1,0",,"5,83","5,83",3,0,0,0,0,0,0,0,0,0
,Zima,,DIF,Torino,"1,0",,6,6,3,0,0,0,0,0,0,0,0,0
,Obert,,DIF,Cagliari,"1,0",,"5,35","5,31",13,0,0,0,0,0,0,1,0,0
,Tressoldi,,DIF,Sassuolo,"1,0",,"5,28","5,13",23,0,0,0,0,0,0,5,1,0
,Hefti,,DIF,Genoa,"1,0",,"5,7","5,7",5,0,0,0,0,0,0,0,0,0
,Cittadini,,DIF,Genoa,"1,0",,6,"5,83",3,0,0,0,0,0,0,1,0,0
,Dodo',,DIF,Fiorentina,"1,0",,"5,75","5,75",6,0,0,0,0,0,0,0,0,0
,Guessand A.,,DIF,Udinese,"1,0",,"5,5","5,5",1,0,0,0,0,0,0,0,0,0
,Oyono,,DIF,Frosinone,"1,0",,"5,82","5,75",14,0,0,0,0,0,1,4,0,0
,Matturro,,DIF,Genoa,"1,0",,"5,5","4,83",3,0,0,0,0,0,0,0,0,1
,Gonzalez F.,,DIF,Juventus,"1,0",,0,0,0,0,0,0,0,0,0,0,0,0
,Hatzidiakos,,DIF,Cagliari,"1,0",,"5,5","5,46",13,0,0,0,0,0,0,1,0,0
,Bonfanti,,DIF,Atalanta,"1,0",,"5,75","5,75",2,0,0,0,0,0,0,0,0,0
,Pellegrino,,DIF,Salernitana,"1,0",,"5,35","5,3",10,0,0,0,0,0,0,1,0,0
,Wieteska,,DIF,Cagliari,"1,0",,"5,57","5,5",15,0,0,0,0,0,1,2,1,0
,Touba,,DIF,Lecce,"1,0",,"5,42","5,33",6,0,0,0,0,0,0,1,0,0
,Bartesaghi,,DIF,Milan,"1,0",,6,6,3,0,0,0,0,0,0,0,0,0
,Giannetti L.,,DIF,Udinese,"1,0",,"5,79","5,64",7,1,0,0,0,0,0,4,0,1
,Pasalidis,,DIF,Salernitana,"1,0",,"5,5","5,36",7,0,0,0,0,0,0,3,0,0
,Dermaku,,DIF,Lecce,"1,0",,0,0,0,0,0,0,0,0,0,0,0,0
,Tonelli,,DIF,Empoli,"1,0",,0,0,0,0,0,0,0,0,0,0,0,0
,De Sciglio,,DIF,Juventus,"1,0",,6,6,1,0,0,0,0,0,0,0,0,0
,Capradossi,,DIF,Cagliari,"1,0",,0,0,0,0,0,0,0,0,0,0,0,0
,Faraoni,,DIF,Fiorentina,"1,0",,"5,72","5,62",16,0,0,0,0,0,1,5,0,0
,Pajac,,DIF,Genoa,"1,0",,0,0,0,0,0,0,0,0,0,0,0,0
,Palomino,,DIF,Atalanta,"1,0",,0,0,0,0,0,0,0,0,0,0,0,0
,Donati,,DIF,Monza,"1,0",,5,"4,5",1,0,0,0,0,0,0,1,0,0
,Bettella,,DIF,Monza,"1,0",,0,0,0,0,0,0,0,0,0,0,0,0
,Gunter,,DIF,Verona,"1,0",,0,0,0,0,0,0,0,0,0,0,0,0
,Kumbulla,,DIF,Sassuolo,"1,0",,"5,4","4,9",5,0,0,0,0,0,0,1,0,1
,Soumaoro,,DIF,Bologna,"1,0",,0,0,0,0,0,0,0,0,0,0,0,0
,Antov,,DIF,Monza,"1,0",,0,0,0,0,0,0,0,0,0,0,0,0
,Amey,,DIF,Bologna,"1,0",,0,0,0,0,0,0,0,0,0,0,0,0
,Ebosse,,DIF,Udinese,"1,0",,0,0,0,0,0,0,0,0,0,0,0,0
,Abankwah,,DIF,Udinese,"1,0",,0,0,0,0,0,0,0,0,0,0,0,0
,Bronn,,DIF,Salernitana,"1,0",,"5,75","5,75",2,0,0,0,0,0,0,0,0,0
,Sosa,,DIF,Bologna,"1,0",,0,0,0,0,0,0,0,0,0,0,0,0
,Guarino,,DIF,Empoli,"1,0",,0,0,0,0,0,0,0,0,0,0,0,0
,Carboni F.,,DIF,Monza,"1,0",,0,0,0,0,0,0,0,0,0,0,0,0
,Flamingo,,DIF,Sassuolo,"1,0",,0,0,0,0,0,0,0,0,0,0,0,0
,Smajlovic,,DIF,Lecce,"1,0",,0,0,0,0,0,0,0,0,0,0,0,0
,Szyminski,,DIF,Frosinone,"1,0",,0,0,0,0,0,0,0,0,0,0,0,0
,Klitten,,DIF,Frosinone,"1,0",,0,0,0,0,0,0,0,0,0,0,0,0
,N'Guessan,,DIF,Torino,"1,0",,0,0,0,0,0,0,0,0,0,0,0,0
,Natan,,DIF,Napoli,"1,0",,"5,81","5,69",13,0,0,0,0,0,0,1,1,0
,Corazza,,DIF,Bologna,"1,0",,"5,9","5,8",5,0,0,0,0,0,0,1,0,0
,Mateus Lusuardi,,DIF,Frosinone,"1,0",,"5,17",5,3,0,0,0,0,0,0,1,0,0
,Kalaj,,DIF,Frosinone,"1,0",,0,0,0,0,0,0,0,0,0,0,0,0
,Sazonov,,DIF,Torino,"1,0",,"5,75","5,69",8,0,0,0,0,0,0,2,0,0
,Comuzzo,,DIF,Fiorentina,"1,0",,6,"5,75",2,0,0,0,0,0,0,1,0,0
,Simic J.,,DIF,Milan,"1,0",,"6,17","7,17",3,1,0,0,0,0,0,0,0,0
,Jimenez A.,,DIF,Milan,"1,0",,5,"4,5",1,0,0,0,0,0,0,1,0,0
,Goglichidze,,DIF,Empoli,"1,0",,0,0,0,0,0,0,0,0,0,0,0,0
,Ilic M.,,DIF,Bologna,"1,0",,0,0,0,0,0,0,0,0,0,0,0,0
,Calhanoglu,,CEN,Inter,"30,0",,"6,47","7,7",32,13,0,0,10,10,3,5,0,0
,Gudmundsson A.,,CEN,Genoa,"30,0",,"6,47","7,64",35,14,0,0,5,4,4,4,0,0
,Pulisic,,CEN,Milan,"29,0",,"6,33","7,5",36,12,0,0,0,0,7,2,0,0
,Koopmeiners,,CEN,Atalanta,"29,0",,"6,4","7,53",34,12,0,0,2,2,5,5,0,0
,De Ketelaere,,CEN,Atalanta,"26,0",,"6,32","7,39",33,10,0,0,1,1,8,1,0,1
,Orsolini,,CEN,Bologna,"23,0",,"6,16","7,06",31,10,0,0,3,2,2,2,0,0
,Politano,,CEN,Napoli,"22,0",,"6,19","6,89",37,8,0,0,3,2,7,2,1,0
,Colpani,,CEN,Monza,"22,0",,"6,2","6,92",38,8,0,0,0,0,4,1,0,0
,Candreva,,CEN,Salernitana,"21,0",,"6,21","6,87",34,6,0,0,1,1,7,5,0,0
,Pellegrini Lo.,,CEN,Roma,"21,0",,"6,14","6,95",29,8,0,0,1,1,3,7,0,0
,Frattesi,,CEN,Inter,"21,0",,"6,27",7,28,6,0,0,0,0,3,1,0,0
,Bonaventura,,CEN,Fiorentina,"20,0",,"6,21","6,89",31,8,0,0,1,0,3,6,0,0
,Pasalic,,CEN,Atalanta,"20,0",,"6,21","6,89",33,6,0,0,2,2,6,3,0,0
,Luis Alberto,,CEN,Lazio,"20,0",,"6,27","6,84",32,5,0,0,0,0,7,7,0,0
,Ferguson,,CEN,Bologna,"20,0",,"6,39","6,94",31,6,0,0,0,0,3,8,0,0
,Mkhitaryan,,CEN,Inter,"19,0",,"6,4","6,68",36,2,0,0,0,0,6,4,0,0
,Samardzic,,CEN,Udinese,"19,0",,"6,18","6,74",33,6,0,0,1,1,2,3,0,0
,Fabbian,,CEN,Bologna,"19,0",,"6,23","6,86",22,5,0,0,0,0,1,4,0,0
,Vecino,,CEN,Lazio,"18,0",,"6,16","6,78",25,6,0,0,0,0,1,8,0,0
,Miranchuk,,CEN,Atalanta,"18,0",,"6,2","6,82",22,3,0,0,0,0,5,1,0,0
,Ederson D.s.,,CEN,Atalanta,"18,0",,"6,14","6,56",36,6,0,0,0,0,1,8,0,0
,Felipe Anderson,,CEN,Lazio,"17,0",,"6,08","6,59",38,5,0,0,0,0,6,3,0,0
,Barella,,CEN,Inter,"17,0",,"6,38","6,53",37,2,0,0,0,0,3,7,0,0
,Oudin,,CEN,Lecce,"17,0",,"6,18","6,48",31,3,0,0,0,0,2,3,0,0
,Zaccagni,,CEN,Lazio,"16,0",,"6,23","6,77",28,6,0,0,0,0,1,8,0,0
,Mazzitelli,,CEN,Frosinone,"16,0",,"6,1","6,52",29,5,0,0,0,0,0,4,1,0
,Loftus-Cheek,,CEN,Milan,"16,0",,"6,12","6,69",29,6,0,0,0,0,1,5,0,0
,Gaetano,,CEN,Cagliari,"16,0",,"6,12","6,88",17,5,0,0,1,1,0,2,1,0
,Frendrup,,CEN,Genoa,"16,0",,"6,23","6,42",37,2,0,0,0,0,4,6,0,0
,Pereyra,,CEN,Udinese,"15,0",,"6,12","6,58",26,4,0,0,1,1,3,6,0,0
,Viola,,CEN,Cagliari,"15,0",,"6,2","6,7",25,5,0,0,1,0,2,3,0,0
,Cristante,,CEN,Roma,"15,0",,"6,11","6,35",37,3,0,0,0,0,4,8,0,0
,Rabiot,,CEN,Juventus,"15,0",,"6,08","6,5",31,5,0,0,0,0,2,8,0,0
,Brescianini,,CEN,Frosinone,"15,0",,"6,09","6,44",35,4,0,0,0,0,1,1,0,0
,Tchaouna,,CEN,Salernitana,"15,0",,"6,07","6,52",29,4,0,0,0,0,3,4,0,0
,Pessina,,CEN,Monza,"14,0",,"6,07","6,46",37,6,0,0,5,4,2,3,1,0
,Saelemaekers,,CEN,Bologna,"14,0",,"6,08","6,47",30,4,0,0,0,0,3,5,1,0
,Maldini,,CEN,Monza,"14,0",,"6,19","6,97",16,4,0,0,0,0,1,1,0,0
,Carboni V.,,CEN,Monza,"14,0",,"6,02","6,32",25,2,0,0,0,0,2,2,0,0
,Reijnders,,CEN,Milan,"14,0",,"6,12","6,38",36,3,0,0,0,0,4,8,0,0
,El Shaarawy,,CEN,Roma,"13,0",,"6,05","6,4",29,3,0,0,0,0,2,2,0,0
,Bennacer,,CEN,Milan,"13,0",,"6,08","6,47",18,2,0,0,1,1,2,2,0,0
,Malinovskyi,,CEN,Genoa,"13,0",,"6,22","6,63",23,4,0,0,0,0,1,7,0,0
,Mckennie,,CEN,Juventus,"13,0",,"6,2","6,32",33,0,0,0,0,0,7,6,0,0
,Vlasic,,CEN,Torino,"13,0",,"6,02","6,3",33,3,0,0,0,0,2,3,0,0
,Harroui,,CEN,Frosinone,"13,0",,"6,15","6,79",17,3,0,0,1,1,3,2,0,0
,Thorstvedt,,CEN,Sassuolo,"13,0",,"5,94","6,4",34,6,0,0,0,0,1,7,0,0
,Suslov,,CEN,Verona,"13,0",,"6,12","6,47",30,3,0,0,1,1,5,7,0,0
,Duncan,,CEN,Fiorentina,"13,0",,"6,08","6,46",26,2,0,0,0,0,5,2,0,0
,Arthur Melo,,CEN,Fiorentina,"12,0",,"6,12","6,34",32,2,0,0,1,1,2,2,0,0
,Dominguez,,CEN,Bologna,"12,0",,"5,75","5,75",2,0,0,0,0,0,0,0,0,0
,Folorunsho,,CEN,Verona,"12,0",,6,"6,41",33,5,0,0,0,0,1,5,0,0
,Zielinski,,CEN,Napoli,"11,0",,"5,94","6,33",27,3,0,0,1,1,2,1,0,0
,Badelj,,CEN,Genoa,"11,0",,"6,05","6,14",32,1,0,0,0,0,3,6,0,0
,Mandragora,,CEN,Fiorentina,"11,0",,"5,95","6,28",30,3,0,0,0,0,3,5,0,0
,Barak,,CEN,Fiorentina,"11,0",,"6,08","6,62",13,2,0,0,0,0,2,2,0,0
,Guendouzi,,CEN,Lazio,"11,0",,"6,02","6,21",33,2,0,0,0,0,3,3,1,0
,Thorsby,,CEN,Genoa,"11,0",,"5,98","6,31",21,2,0,0,0,0,2,2,0,0
,Elmas,,CEN,Napoli,"11,0",,6,"6,56",9,2,0,0,0,0,0,2,0,0
,Nandez,,CEN,Cagliari,"11,0",,"6,03","6,2",30,2,0,0,1,1,2,7,0,0
,Ilic,,CEN,Torino,"11,0",,"6,07","6,38",28,3,0,0,0,0,1,3,0,0
,Radonjic,,CEN,Torino,"10,0",,"6,06","7,19",8,3,0,0,0,0,0,1,0,0
,Asllani,,CEN,Inter,"10,0",,"6,22","6,5",16,1,0,0,0,0,2,1,0,0
,Alcaraz,,CEN,Juventus,"10,0",,"5,93","6,07",7,0,0,0,0,0,1,0,0,0
,Lazovic,,CEN,Verona,"10,0",,"5,87","6,19",31,3,0,0,1,1,2,0,1,0
,Paredes,,CEN,Roma,"10,0",,"5,99","6,13",34,3,0,0,3,3,4,14,1,0
,Freuler,,CEN,Bologna,"10,0",,"6,11","6,06",32,1,0,0,0,0,0,9,0,0
,Aouar,,CEN,Roma,"10,0",,"5,92","6,73",13,4,0,0,0,0,0,3,0,0
,Castrovilli,,CEN,Fiorentina,"9,0",,"6,3","7,3",5,1,0,0,0,0,2,0,0,0
,Messias,,CEN,Genoa,"9,0",,"6,18","6,35",17,1,0,0,0,0,0,0,0,0
,Baldanzi,,CEN,Roma,"9,0",,"6,08","6,27",24,2,0,0,0,0,0,3,0,0
,Hjulmand,,CEN,Lecce,"9,0",,0,0,0,0,0,0,0,0,0,0,0,0
,Oristanio,,CEN,Cagliari,"9,0",,"6,1","6,38",24,2,0,0,0,0,1,1,0,0
,Locatelli,,CEN,Juventus,"9,0",,"5,83","5,94",35,1,0,0,0,0,4,6,0,0
,Kastanos,,CEN,Salernitana,"9,0",,6,"6,29",24,3,0,0,0,0,0,5,0,0
,Walace,,CEN,Udinese,"9,0",,"5,93",6,37,2,0,0,0,0,0,7,0,0
,Matic,,CEN,Roma,"9,0",,0,0,0,0,0,0,0,0,0,0,0,0
,Duda,,CEN,Verona,"8,0",,"6,05","5,98",32,1,0,0,1,0,5,10,2,0
,Strefezza,,CEN,Lecce,"8,0",,"5,82","5,87",19,1,0,0,1,1,0,4,0,0
,Chukwueze,,CEN,Milan,"8,0",,"6,02","6,25",20,1,0,0,0,0,2,1,0,0
,Maggiore,,CEN,Salernitana,"8,0",,"5,87","6,19",26,4,0,0,0,0,1,7,1,0
,Ndoye,,CEN,Bologna,"8,0",,"6,02","6,08",31,1,0,0,0,0,1,4,0,0
,Iling Junior,,CEN,Juventus,"8,0",,"5,98","6,2",20,1,0,0,0,0,2,1,0,0
,El Azzouzi,,CEN,Bologna,"8,0",,"6,11","6,83",9,2,0,0,0,0,2,4,0,0
,De Roon,,CEN,Atalanta,"8,0",,"5,97","5,97",30,0,0,0,0,0,5,10,0,0
,Verdi,,CEN,Torino,"8,0",,0,0,0,0,0,0,0,0,0,0,0,0
,Gagliardini,,CEN,Monza,"8,0",,"5,88","5,92",32,1,0,0,0,0,1,5,0,0
,Sottil,,CEN,Fiorentina,"8,0",,"5,97","6,44",18,2,0,0,0,0,3,1,0,0
,Lobotka,,CEN,Napoli,"8,0",,"5,93","5,91",38,0,0,0,0,0,1,4,0,0
,Zurkowski,,CEN,Empoli,"8,0",,"6,04","6,81",13,4,0,0,0,0,0,4,0,0
,Schouten,,CEN,Bologna,"8,0",,0,0,0,0,0,0,0,0,0,0,0,0
,Ikone',,CEN,Fiorentina,"8,0",,"5,79","6,08",26,3,0,0,0,0,1,5,0,0
,Kostic,,CEN,Juventus,"7,0",,"5,91","5,98",29,0,0,0,0,0,3,2,0,0
,Marin,,CEN,Empoli,"7,0",,"5,98","6,02",28,0,0,0,0,0,2,3,0,0
,Bajrami,,CEN,Sassuolo,"7,0",,"5,94","6,27",24,2,0,0,0,0,2,0,0,0
,Matheus Henrique,,CEN,Sassuolo,"7,0",,"5,79","5,92",31,2,0,0,0,0,2,6,1,0
,Sabiri,,CEN,Fiorentina,"7,0",,0,0,0,0,0,0,0,0,0,0,0,0
,Lovric,,CEN,Udinese,"7,0",,"5,97","6,09",29,1,0,0,0,0,2,1,1,0
,Kamada,,CEN,Lazio,"7,0",,"5,88","6,1",25,2,0,0,0,0,1,3,0,0
,Zarraga,,CEN,Udinese,"7,0",,"6,07","6,93",7,2,0,0,0,0,0,0,0,0
,Serdar,,CEN,Verona,"7,0",,"6,07","5,96",23,0,0,0,0,0,1,7,0,0
,Strootman,,CEN,Genoa,"7,0",,"5,96","5,96",23,0,0,0,0,0,2,4,0,0
,Zambo Anguissa,,CEN,Napoli,"7,0",,"5,82","5,85",33,0,0,0,0,0,2,2,0,0
,Reinier,,CEN,Frosinone,"7,0",,"5,97","6,31",16,2,0,0,0,0,1,3,0,0
,Racic,,CEN,Sassuolo,"7,0",,"5,89","6,08",18,1,0,0,0,0,1,1,0,0
,Kovalenko,,CEN,Empoli,"6,0",,"5,94","6,16",16,1,0,0,0,0,1,1,0,0
,Bove,,CEN,Roma,"6,0",,"5,96","5,96",28,0,0,0,0,0,1,2,0,0
,Ricci S.,,CEN,Torino,"6,0",,"5,9","5,87",30,1,0,0,0,0,0,6,1,0
,Aebischer,,CEN,Bologna,"6,0",,6,"5,9",31,0,0,0,0,0,1,8,0,0
,Adli,,CEN,Milan,"6,0",,"5,98","6,14",21,1,0,0,0,0,2,3,0,0
,Gonzalez J.,,CEN,Lecce,"6,0",,"5,94","5,94",27,1,0,0,0,0,0,6,0,0
,Moro N.,,CEN,Bologna,"6,0",,"6,03","6,21",17,1,0,0,0,0,0,0,0,0
,Prati,,CEN,Cagliari,"6,0",,"5,92",6,26,1,0,0,0,0,1,4,0,0
,Payero,,CEN,Udinese,"6,0",,"5,88","6,02",28,2,0,0,0,0,2,6,1,0
,Rovella,,CEN,Lazio,"6,0",,"6,12","6,07",21,0,0,0,0,0,2,6,0,0
,Amrabat,,CEN,Fiorentina,"5,0",,0,0,0,0,0,0,0,0,0,0,0,0
,Gyasi,,CEN,Empoli,"5,0",,"5,66","5,69",29,1,0,0,0,0,2,9,0,0
,Volpato,,CEN,Sassuolo,"5,0",,"5,85",6,17,1,0,0,0,0,0,1,0,0
,Blin,,CEN,Lecce,"5,0",,"5,79","5,75",28,0,0,0,0,0,1,4,0,0
,Bondo,,CEN,Monza,"5,0",,"5,84","5,78",25,1,0,0,0,0,0,9,0,0
,Fazzini,,CEN,Empoli,"5,0",,"5,92","5,96",25,1,0,0,0,0,1,6,0,0
,Sulemana I.,,CEN,Cagliari,"5,0",,"5,89","6,13",19,2,0,0,0,0,0,4,0,0
,Boloca,,CEN,Sassuolo,"5,0",,"5,85","5,82",30,1,0,0,0,0,0,6,1,0
,Buchanan,,CEN,Inter,"5,0",,"6,07","6,5",7,1,0,0,0,0,0,0,0,0
,Mitrovic S.,,CEN,Verona,"5,0",,"5,9","5,9",10,0,0,0,0,0,0,0,0,0
,Saponara,,CEN,Verona,"5,0",,6,6,10,0,0,0,0,0,0,0,0,0
,Cataldi,,CEN,Lazio,"5,0",,"5,98","5,95",22,1,0,0,0,0,0,8,0,0
,Deiola,,CEN,Cagliari,"5,0",,"5,7","5,59",22,1,0,0,0,0,0,7,0,1
,Jankto,,CEN,Cagliari,"5,0",,"5,84","6,16",16,1,0,0,0,0,2,0,0,0
,Linetty,,CEN,Torino,"5,0",,"5,92","5,69",26,0,0,0,0,0,0,12,0,0
,Vignato,,CEN,Salernitana,"5,0",,6,"6,07",7,0,0,0,0,0,1,1,0,0
,Traore' Hj.,,CEN,Napoli,"5,0",,"5,81","5,75",8,0,0,0,0,0,0,1,0,0
,Weah,,CEN,Juventus,"4,0",,"5,92","5,86",25,0,0,0,0,0,1,5,0,0
,Tameze,,CEN,Torino,"4,0",,"5,79","5,73",28,0,0,0,0,0,2,6,1,0
,Musah,,CEN,Milan,"4,0",,"5,92","5,86",25,0,0,0,0,0,1,5,0,0
,Urbanski,,CEN,Bologna,"4,0",,"5,92","5,83",18,0,0,0,0,0,0,3,0,0
,Maleh,,CEN,Empoli,"4,0",,"5,79","5,66",34,0,0,0,0,0,1,11,0,0
,Hongla,,CEN,Verona,"4,0",,"5,82","5,82",14,0,0,0,0,0,0,0,0,0
,Coulibaly L.,,CEN,Salernitana,"4,0",,"5,72","5,65",27,0,0,0,0,0,0,5,0,0
,Zerbin,,CEN,Monza,"4,0",,"5,78","5,78",16,0,0,0,0,0,1,0,1,0
,Barrenechea,,CEN,Frosinone,"4,0",,"5,84","5,73",35,0,0,0,0,0,1,10,0,0
,Rafia,,CEN,Lecce,"4,0",,"5,92","5,88",24,1,0,0,0,0,0,4,0,1
,Ramadani,,CEN,Lecce,"4,0",,"5,82","5,72",34,1,0,0,0,0,0,13,0,0
,Tchatchoua,,CEN,Verona,"4,0",,"5,76","5,76",25,0,0,0,0,0,1,2,0,0
,Grassi,,CEN,Empoli,"4,0",,"5,92","5,77",26,0,0,0,0,0,1,4,1,1
,Aramu,,CEN,Genoa,"3,0",,0,0,0,0,0,0,0,0,0,0,0,0
,Renato Sanches,,CEN,Roma,"3,0",,"5,8","6,2",5,1,0,0,0,0,0,2,0,0
,Fagioli,,CEN,Juventus,"3,0",,"6,06","6,25",8,0,0,0,0,0,2,1,0,0
,Akpa Akpro,,CEN,Monza,"3,0",,"5,82","5,64",14,0,0,0,0,0,0,5,0,0
,Zalewski,,CEN,Roma,"3,0",,"5,8","5,77",22,0,0,0,0,0,1,1,1,0
,Miretti,,CEN,Juventus,"3,0",,"5,78","5,9",20,1,0,0,0,0,1,3,0,0
,Marcos Antonio,,CEN,Lazio,"3,0",,0,0,0,0,0,0,0,0,0,0,0,0
,Ciurria,,CEN,Monza,"3,0",,"5,86","5,86",22,0,0,0,0,0,1,2,0,0
,Ranocchia F.,,CEN,Empoli,"3,0",,"5,89","5,72",9,0,0,0,0,0,0,3,0,0
,Mboula,,CEN,Verona,"2,0",,"5,71","5,86",7,0,0,0,0,0,1,0,0,0
,Makoumbou,,CEN,Cagliari,"2,0",,"5,62","5,61",32,1,0,0,0,0,0,3,2,0
,Gelli,,CEN,Frosinone,"2,0",,"5,85","5,78",20,0,0,0,0,0,0,3,0,0
,Cajuste,,CEN,Napoli,"2,0",,"5,8","5,68",22,0,0,0,0,0,1,7,0,0
,Legowski,,CEN,Salernitana,"2,0",,"5,72","5,65",23,0,0,0,0,0,0,3,0,0
,Kutlu,,CEN,Genoa,"2,0",,6,6,6,0,0,0,0,0,0,0,0,0
,Ibrahimovic A.,,CEN,Frosinone,"2,0",,"6,06","6,5",8,1,0,0,0,0,1,1,0,0
,Dani Silva,,CEN,Verona,"2,0",,"5,83","5,72",9,0,0,0,0,0,0,2,0,0
,Krunic,,CEN,Milan,"2,0",,"5,89","5,72",9,0,0,0,0,0,0,3,0,0
,Sensi,,CEN,Inter,"2,0",,"6,5","6,5",1,0,0,0,0,0,0,0,0,0
,Haas,,CEN,Empoli,"1,0",,"5,5",5,1,0,0,0,0,0,0,1,0,0
,Klaassen,,CEN,Inter,"1,0",,6,6,6,0,0,0,0,0,0,1,0,0
,Henderson L.,,CEN,Empoli,"1,0",,0,0,0,0,0,0,0,0,0,0,0,0
,Lopez M.,,CEN,Fiorentina,"1,0",,"5,75","5,66",16,0,0,0,0,0,0,1,1,0
,Kourfalidis,,CEN,Cagliari,"1,0",,0,0,0,0,0,0,0,0,0,0,0,0
,Bohinen,,CEN,Genoa,"1,0",,"5,86","5,82",14,0,0,0,0,0,0,1,0,0
,Vignato S.,,CEN,Monza,"1,0",,6,"6,25",8,1,0,0,0,0,0,2,0,0
,Lindstrom,,CEN,Napoli,"1,0",,"5,91","5,84",16,0,0,0,0,0,0,2,0,0
,Gineitis,,CEN,Torino,"1,0",,"6,05","5,95",10,0,0,0,0,0,0,2,0,0
,Lipani,,CEN,Sassuolo,"1,0",,6,6,7,0,0,0,0,0,0,0,0,0
,Kaba,,CEN,Lecce,"1,0",,"5,82","5,73",22,0,0,0,0,0,0,2,1,0
,Martegani,,CEN,Salernitana,"1,0",,"5,83",6,15,1,0,0,0,0,0,1,0,0
,Lulic K.,,CEN,Frosinone,"1,0",,6,6,1,0,0,0,0,0,0,0,0,0
,Baez,,CEN,Frosinone,"1,0",,6,"6,25",10,1,0,0,0,0,0,1,0,0
,Coulibaly M.,,CEN,Salernitana,"1,0",,0,0,0,0,0,0,0,0,0,0,0,0
,Valoti,,CEN,Monza,"1,0",,0,0,0,0,0,0,0,0,0,0,0,0
,Dendoncker,,CEN,Napoli,"1,0",,0,0,0,0,0,0,0,0,0,0,0,0
,Nicolussi Caviglia,,CEN,Juventus,"1,0",,"5,92",6,6,0,0,0,0,0,1,1,0,0
,Obiang,,CEN,Sassuolo,"1,0",,"5,57","5,5",7,0,0,0,0,0,0,1,0,0
,Adopo,,CEN,Atalanta,"1,0",,"5,75",6,4,0,0,0,0,0,1,0,0,0
,Basic,,CEN,Salernitana,"1,0",,"5,54","5,36",14,0,0,0,0,0,0,5,0,0
,Belahyane,,CEN,Verona,"1,0",,"6,25","6,25",2,0,0,0,0,0,0,0,0,0
,Amatucci,,CEN,Fiorentina,"1,0",,"5,5","5,5",1,0,0,0,0,0,0,0,0,0
,Infantino,,CEN,Fiorentina,"1,0",,"5,83","5,67",3,0,0,0,0,0,0,1,0,0
,Pagano,,CEN,Roma,"1,0",,6,6,2,0,0,0,0,0,0,0,0,0
,Gomis I.,,CEN,Salernitana,"1,0",,"5,7","5,7",5,0,0,0,0,0,0,0,0,0
,D'Alessandro,,CEN,Monza,"1,0",,0,0,0,0,0,0,0,0,0,0,0,0
,Gomez,,CEN,Monza,"1,0",,"6,25","6,25",2,0,0,0,0,0,0,0,0,0
,Mancosu,,CEN,Cagliari,"1,0",,"5,33","4,33",3,0,0,0,1,0,0,0,0,0
,Pogba,,CEN,Juventus,"1,0",,6,6,2,0,0,0,0,0,0,0,0,0
,Benassi,,CEN,Fiorentina,"1,0",,0,0,0,0,0,0,0,0,0,0,0,0
,Machin,,CEN,Monza,"1,0",,"5,94","5,81",8,0,0,0,0,0,0,2,0,0
,Rog,,CEN,Cagliari,"1,0",,0,0,0,0,0,0,0,0,0,0,0,0
,Melegoni,,CEN,Genoa,"1,0",,0,0,0,0,0,0,0,0,0,0,0,0
,Garritano,,CEN,Frosinone,"1,0",,"5,9","5,85",10,0,0,0,0,0,0,1,0,0
,Crociata,,CEN,Empoli,"1,0",,0,0,0,0,0,0,0,0,0,0,0,0
,Castillejo,,CEN,Sassuolo,"1,0",,"5,77","5,68",11,0,0,0,0,0,0,2,0,0
,Bourabia,,CEN,Frosinone,"1,0",,"5,5","5,4",5,0,0,0,0,0,0,1,0,0
,Jagiello,,CEN,Genoa,"1,0",,5,5,1,0,0,0,0,0,0,0,0,0
,Demme,,CEN,Napoli,"1,0",,"6,25","6,5",2,0,0,0,0,0,1,1,0,0
,Quina,,CEN,Udinese,"1,0",,0,0,0,0,0,0,0,0,0,0,0,0
,Pobega,,CEN,Milan,"1,0",,"5,93","5,93",7,0,0,0,0,0,0,0,0,0
,Romero L.,,CEN,Milan,"1,0",,6,"5,75",2,0,0,0,0,0,0,1,0,0
,Pyyhtia,,CEN,Bologna,"1,0",,0,0,0,0,0,0,0,0,0,0,0,0
,Pafundi,,CEN,Udinese,"1,0",,0,0,0,0,0,0,0,0,0,0,0,0
,Helgason,,CEN,Lecce,"1,0",,0,0,0,0,0,0,0,0,0,0,0,0
,Hrustic,,CEN,Verona,"1,0",,0,0,0,0,0,0,0,0,0,0,0,0
,Ilkhan,,CEN,Torino,"1,0",,0,0,0,0,0,0,0,0,0,0,0,0
,Degli Innocenti,,CEN,Empoli,"1,0",,0,0,0,0,0,0,0,0,0,0,0,0
,Faticanti,,CEN,Lecce,"1,0",,0,0,0,0,0,0,0,0,0,0,0,0
,Pisilli,,CEN,Roma,"1,0",,0,0,0,0,0,0,0,0,0,0,0,0
,Belardinelli,,CEN,Empoli,"1,0",,0,0,0,0,0,0,0,0,0,0,0,0
,Camara E.,,CEN,Udinese,"1,0",,0,0,0,0,0,0,0,0,0,0,0,0
,Lella,,CEN,Cagliari,"1,0",,0,0,0,0,0,0,0,0,0,0,0,0
,Haoudi,,CEN,Frosinone,"1,0",,0,0,0,0,0,0,0,0,0,0,0,0
,Saco,,CEN,Napoli,"1,0",,0,0,0,0,0,0,0,0,0,0,0,0
,Joselito,,CEN,Verona,"1,0",,0,0,0,0,0,0,0,0,0,0,0,0
,Nonge,,CEN,Juventus,"1,0",,5,"4,5",1,0,0,0,0,0,0,1,0,0
,Popovic,,CEN,Monza,"1,0",,0,0,0,0,0,0,0,0,0,0,0,0
,Martinez L.,,ATT,Inter,"41,0",,"6,65","8,73",33,24,0,0,3,2,2,5,0,0
,Dybala,,ATT,Roma,"35,0",,"6,48","8,2",27,13,0,0,7,7,9,3,0,0
,Scamacca,,ATT,Atalanta,"32,0",,"6,41","7,89",28,12,0,0,0,0,6,1,0,0
,Giroud,,ATT,Milan,"31,0",,"6,26","7,71",34,15,0,0,5,4,8,0,1,0
,Osimhen,,ATT,Napoli,"31,0",,"6,36","7,88",25,15,0,0,5,3,2,4,1,0
,Thuram,,ATT,Inter,"31,0",,"6,54","7,81",35,13,0,0,0,0,7,3,0,0
,Lookman,,ATT,Atalanta,"27,0",,"6,37","7,63",30,11,0,0,0,0,7,4,0,0
,Vlahovic,,ATT,Juventus,"27,0",,"6,18","7,42",33,16,0,0,4,2,3,6,1,0
,Rafael Leao,,ATT,Milan,"27,0",,"6,39","7,41",33,9,0,0,0,0,9,5,0,0
,Zapata D.,,ATT,Torino,"26,0",,"6,26","7,36",37,13,0,0,0,0,3,2,0,0
,Gonzalez N.,,ATT,Fiorentina,"26,0",,"6,31","7,4",29,12,0,0,3,1,2,1,0,0
,Zirkzee,,ATT,Bologna,"25,0",,"6,43","7,4",34,11,0,0,2,2,4,8,0,0
,Chiesa,,ATT,Juventus,"25,0",,"6,28","7,17",32,9,0,0,1,1,2,1,0,0
,Kvaratskhelia,,ATT,Napoli,"24,0",,"6,25","7,25",34,11,0,0,0,0,5,8,0,0
,Berardi,,ATT,Sassuolo,"24,0",,"6,53","8,06",17,9,0,0,5,5,2,6,0,0
,Soule',,ATT,Frosinone,"24,0",,"6,29","7,07",36,11,0,0,6,5,2,4,0,1
,Lukaku,,ATT,Roma,"23,0",,"6,09","7,2",32,13,0,0,1,0,3,5,1,0
,Cabral,,ATT,Fiorentina,"21,0",,0,0,0,0,0,0,0,0,0,0,0,0
,Okafor,,ATT,Milan,"20,0",,"6,21","7,02",24,6,0,0,0,0,2,1,0,0
,Beto,,ATT,Udinese,"19,0",,"5,5","5,5",1,0,0,0,0,0,0,0,0,0
,Retegui,,ATT,Genoa,"19,0",,"6,09","6,79",29,7,0,0,1,1,2,5,0,0
,Belotti,,ATT,Fiorentina,"19,0",,"6,21","7,1",24,6,0,0,0,0,4,1,0,0
,Pinamonti,,ATT,Sassuolo,"18,0",,"5,92","6,7",37,11,0,0,3,2,1,4,0,0
,Ngonge,,ATT,Napoli,"18,0",,"6,14","6,86",28,7,0,0,0,0,2,6,0,0
,Lucca,,ATT,Udinese,"18,0",,"6,04","6,75",34,8,0,0,0,0,3,6,0,0
,Luvumbo,,ATT,Cagliari,"18,0",,"6,27","6,75",30,4,0,0,0,0,5,5,0,0
,Djuric,,ATT,Monza,"17,0",,"6,08","6,67",36,9,0,0,3,1,2,4,0,0
,Beltran L.,,ATT,Fiorentina,"16,0",,"6,12","6,65",30,6,0,0,1,1,1,6,0,0
,Cheddira,,ATT,Frosinone,"16,0",,"6,05","6,76",31,7,0,0,1,1,1,0,0,0
,Immobile,,ATT,Lazio,"16,0",,"5,91","6,59",28,7,0,0,4,4,1,8,0,0
,Thauvin,,ATT,Udinese,"15,0",,"6,2","6,84",25,5,0,0,1,1,3,4,0,0
,Sanchez,,ATT,Inter,"14,0",,"6,18","6,76",19,2,0,0,1,1,5,0,0,0
,Arnautovic,,ATT,Inter,"14,0",,"6,15","6,9",24,5,0,0,0,0,3,0,0,0
,Lauriente',,ATT,Sassuolo,"14,0",,"5,99","6,46",37,5,0,0,0,0,5,5,0,0
,Muriel,,ATT,Atalanta,"14,0",,"6,15","6,69",13,2,0,0,0,0,1,0,0,0
,Piccoli,,ATT,Lecce,"14,0",,"6,02","6,41",32,5,0,0,1,1,0,5,0,0
,Raspadori,,ATT,Napoli,"13,0",,"5,98","6,44",33,5,0,0,1,0,3,0,0,0
,Ekuban,,ATT,Genoa,"13,0",,"6,09","6,65",23,4,0,0,0,0,1,0,0,0
,Azmoun,,ATT,Roma,"13,0",,"6,23","6,77",15,3,0,0,0,0,0,4,0,0
,Noslin,,ATT,Verona,"13,0",,"6,35","7,41",17,5,0,0,0,0,4,2,0,0
,Niang,,ATT,Empoli,"13,0",,"6,36","7,68",14,6,0,0,4,4,1,1,0,0
,Jovic,,ATT,Milan,"13,0",,"5,89","6,79",19,6,0,0,0,0,1,2,1,0
,Barrow,,ATT,Bologna,"13,0",,0,0,0,0,0,0,0,0,0,0,0,0
,Cambiaghi,,ATT,Empoli,"12,0",,"6,14","6,2",37,1,0,0,0,0,1,3,0,0
,Dia,,ATT,Salernitana,"12,0",,"5,85","6,53",17,4,0,0,1,1,0,1,0,0
,Ceesay,,ATT,Lecce,"12,0",,0,0,0,0,0,0,0,0,0,0,0,0
,Mota,,ATT,Monza,"12,0",,6,"6,41",33,4,0,0,0,0,3,3,0,0
,Vitinha O.,,ATT,Genoa,"12,0",,"6,42","7,33",6,2,0,0,0,0,0,2,0,0
,Castellanos,,ATT,Lazio,"12,0",,"5,87","6,32",31,4,0,0,0,0,3,2,0,0
,Sanabria,,ATT,Torino,"12,0",,"5,84","6,24",35,5,0,0,2,2,0,2,0,0
,Milik,,ATT,Juventus,"12,0",,6,"6,46",24,4,0,0,0,0,1,2,1,0
,Shomurodov,,ATT,Cagliari,"12,0",,"5,85","6,42",20,3,0,0,0,0,3,1,0,0
,Cancellieri,,ATT,Empoli,"11,0",,6,"6,31",34,4,0,0,0,0,2,7,0,0
,Toure' E.,,ATT,Atalanta,"10,0",,6,"6,56",9,2,0,0,0,0,0,2,0,0
,Isaksen,,ATT,Lazio,"10,0",,"6,07","6,46",23,3,0,0,0,0,1,3,0,0
,Yildiz,,ATT,Juventus,"10,0",,"6,05","6,29",21,2,0,0,0,0,0,3,0,0
,Krstovic,,ATT,Lecce,"10,0",,"5,91","6,3",33,7,0,0,3,1,1,4,1,0
,Correa,,ATT,Inter,"10,0",,0,0,0,0,0,0,0,0,0,0,0,0
,Kouame',,ATT,Fiorentina,"10,0",,"5,95","6,3",20,2,0,0,0,0,1,0,0,0
,Lozano,,ATT,Napoli,"9,0",,0,0,0,0,0,0,0,0,0,0,0,0
,Almqvist,,ATT,Lecce,"9,0",,"5,98","6,13",30,2,0,0,0,0,1,5,0,0
,Sansone,,ATT,Lecce,"8,0",,"6,02","6,3",22,2,0,0,0,0,2,4,0,0
,Lapadula,,ATT,Cagliari,"8,0",,"5,88","6,24",21,3,0,0,1,1,0,3,0,0
,Colombo,,ATT,Monza,"8,0",,"5,89","6,39",23,4,0,0,0,0,1,3,0,0
,Banda,,ATT,Lecce,"8,0",,"6,07","6,33",21,2,0,0,0,0,3,5,1,0
,Swiderski,,ATT,Verona,"8,0",,"6,08","6,54",13,2,0,0,0,0,0,0,0,0
,Pavoletti,,ATT,Cagliari,"7,0",,"6,25","7,04",14,4,0,0,0,0,1,4,0,0
,Defrel,,ATT,Sassuolo,"7,0",,"5,92","6,31",13,1,0,0,0,0,2,0,0,0
,Di Francesco F.,,ATT,Lecce,"7,0",,7,10,1,1,0,0,0,0,0,0,0,0
,Brekalo,,ATT,Fiorentina,"7,0",,"5,91","6,18",11,1,0,0,0,0,0,0,0,0
,Bonazzoli,,ATT,Verona,"7,0",,"5,89","6,3",22,3,0,0,0,0,1,2,0,0
,Simy,,ATT,Salernitana,"5,0",,6,"6,82",11,3,0,0,0,0,0,0,0,0
,Abraham,,ATT,Roma,"5,0",,"5,83","6,25",6,1,0,0,0,0,0,1,0,0
,Odgaard,,ATT,Bologna,"5,0",,"6,22",7,9,2,0,0,0,0,1,1,0,0
,Nzola,,ATT,Fiorentina,"5,0",,"5,74","6,09",29,3,0,0,1,1,2,2,0,0
,Cerri,,ATT,Empoli,"5,0",,"5,86","6,05",11,1,0,0,0,0,0,2,0,0
,Pedro,,ATT,Lazio,"5,0",,"5,92",6,26,1,0,0,0,0,1,4,0,0
,Caputo,,ATT,Empoli,"4,0",,"5,7","6,15",20,3,0,0,1,1,0,0,0,0
,Kaio Jorge,,ATT,Frosinone,"4,0",,"5,93","6,29",14,3,0,0,2,1,0,2,0,0
,Davis K.,,ATT,Udinese,"4,0",,"6,2","6,6",5,1,0,0,0,0,0,2,0,0
,Jovane,,ATT,Salernitana,"4,0",,"5,9","6,15",10,1,0,0,0,0,0,1,0,0
,Solbakken,,ATT,Roma,"3,0",,"5,5","5,5",1,0,0,0,0,0,0,0,0,0
,Maric,,ATT,Monza,"3,0",,"6,07","6,5",7,1,0,0,0,0,0,0,0,0
,Lasagna,,ATT,Verona,"3,0",,0,0,0,0,0,0,0,0,0,0,0,0
,Pellegri,,ATT,Torino,"2,0",,"5,87","6,03",15,1,0,0,0,0,1,3,0,0
,Coda M.,,ATT,Genoa,"2,0",,0,0,0,0,0,0,0,0,0,0,0,0
,Okereke,,ATT,Torino,"2,0",,"5,8","5,8",5,0,0,0,0,0,0,0,0,0
,Henry,,ATT,Verona,"2,0",,"5,91","6,32",11,3,0,0,1,0,0,2,1,0
,Pierotti,,ATT,Lecce,"2,0",,"6,07","6,21",7,0,0,0,0,0,1,0,0,0
,Castro S.,,ATT,Bologna,"2,0",,6,"6,5",5,1,0,0,0,0,0,1,0,0
,Weissman,,ATT,Salernitana,"1,0",,"5,73",6,11,1,0,0,0,0,0,0,0,0
,Petagna,,ATT,Cagliari,"1,0",,"5,8",6,15,1,0,0,0,0,1,2,0,0
,Kean,,ATT,Juventus,"1,0",,6,"5,93",14,0,0,0,0,0,0,2,0,0
,Karamoh,,ATT,Torino,"1,0",,"6,1","6,1",5,0,0,0,0,0,0,0,0,0
,Success,,ATT,Udinese,"1,0",,"5,84","5,82",19,1,0,0,1,0,1,4,0,0
,Cuni,,ATT,Frosinone,"1,0",,"5,94","6,28",9,1,0,0,0,0,0,0,0,0
,Ikwuemesi,,ATT,Salernitana,"1,0",,"5,67","5,8",23,1,0,0,0,0,1,2,0,0
,Simeone,,ATT,Napoli,"1,0",,"5,74","5,82",17,1,0,0,0,0,0,3,0,0
,Origi,,ATT,Milan,"1,0",,0,0,0,0,0,0,0,0,0,0,0,0
,Esposito Se.,,ATT,Inter,"1,0",,0,0,0,0,0,0,0,0,0,0,0,0
,Van Hooijdonk,,ATT,Bologna,"1,0",,"5,79","5,79",7,0,0,0,0,0,0,0,0,0
,Seck,,ATT,Frosinone,"1,0",,"5,93","5,89",14,0,0,0,0,0,0,1,0,0
,Brenner,,ATT,Udinese,"1,0",,"5,88","5,88",4,0,0,0,0,0,0,0,0,0
,Destro,,ATT,Empoli,"1,0",,"5,68","5,59",11,0,0,0,0,0,0,2,0,0
,Caprari,,ATT,Monza,"1,0",,"5,9","5,9",5,0,0,0,0,0,0,0,0,0
,Caso,,ATT,Frosinone,"1,0",,"5,95","5,95",11,0,0,0,0,0,1,2,0,0
,Botheim,,ATT,Salernitana,"1,0",,"5,3","5,2",5,0,0,0,0,0,0,1,0,0
,Mulattieri,,ATT,Sassuolo,"1,0",,"5,88","5,88",12,0,0,0,0,0,0,1,0,0
,Borrelli,,ATT,Frosinone,"1,0",,6,6,1,0,0,0,0,0,0,0,0,0
,Shpendi S.,,ATT,Empoli,"1,0",,"5,72","5,72",9,0,0,0,0,0,0,0,0,0
,Karlsson,,ATT,Bologna,"1,0",,"5,92","5,92",6,0,0,0,0,0,0,0,0,0
,Tavsan,,ATT,Verona,"1,0",,6,6,2,0,0,0,0,0,0,0,0,0
,Puscas,,ATT,Genoa,"1,0",,"5,33","5,33",3,0,0,0,0,0,0,0,0,0
,Deulofeu,,ATT,Udinese,"1,0",,0,0,0,0,0,0,0,0,0,0,0,0
,Latte Lath,,ATT,Atalanta,"1,0",,0,0,0,0,0,0,0,0,0,0,0,0
,Ake' M.,,ATT,Udinese,"1,0",,0,0,0,0,0,0,0,0,0,0,0,0
,Kokorin,,ATT,Fiorentina,"1,0",,0,0,0,0,0,0,0,0,0,0,0,0
,Braaf,,ATT,Verona,"1,0",,0,0,0,0,0,0,0,0,0,0,0,0
,Traore' C.,,ATT,Milan,"1,0",,7,10,1,1,0,0,0,0,0,0,0,0
,Raimondo,,ATT,Bologna,"1,0",,0,0,0,0,0,0,0,0,0,0,0,0
,Kallon,,ATT,Verona,"1,0",,0,0,0,0,0,0,0,0,0,0,0,0
,Ceide,,ATT,Sassuolo,"1,0",,"5,64","5,64",7,0,0,0,0,0,0,0,0,0
,Voelkerling Persson,,ATT,Lecce,"1,0",,0,0,0,0,0,0,0,0,0,0,0,0
,Valencia D.,,ATT,Salernitana,"1,0",,0,0,0,0,0,0,0,0,0,0,0,0
,Alvarez A.,,ATT,Sassuolo,"1,0",,0,0,0,0,0,0,0,0,0,0,0,0
,Rodriguez P.,,ATT,Lecce,"1,0",,0,0,0,0,0,0,0,0,0,0,0,0
,Ekong,,ATT,Empoli,"1,0",,0,0,0,0,0,0,0,0,0,0,0,0
,Vivaldo,,ATT,Udinese,"1,0",,0,0,0,0,0,0,0,0,0,0,0,0
,Kvernadze,,ATT,Frosinone,"1,0",,"5,75","5,75",2,0,0,0,0,0,0,0,0,0
,Bidaoui,,ATT,Frosinone,"1,0",,0,0,0,0,0,0,0,0,0,0,0,0
,Yalcin,,ATT,Genoa,"1,0",,0,0,0,0,0,0,0,0,0,0,0,0
,Diaw,,ATT,Monza,"1,0",,0,0,0,0,0,0,0,0,0,0,0,0
,Burnete,,ATT,Lecce,"1,0",,6,6,1,0,0,0,0,0,0,0,0,0
,Corfitzen,,ATT,Lecce,"1,0",,0,0,0,0,0,0,0,0,0,0,0,0
,Stewart,,ATT,Salernitana,"1,0",,"5,83","5,83",3,0,0,0,0,0,0,0,0,0
,Cruz,,ATT,Verona,"1,0",,"5,67","5,67",3,0,0,0,0,0,0,0,0,0
,Camarda,,ATT,Milan,"1,0",,0,0,0,0,0,0,0,0,0,0,0,0
,Ghedjemis,,ATT,Frosinone,"1,0",,"6,2","6,1",5,0,0,0,0,0,0,1,0,0
,Ankeye,,ATT,Genoa,"1,0",,"5,75","5,75",2,0,0,0,0,0,0,0,0,0
,Kabic,,ATT,Torino,"1,0",,0,0,0,0,0,0,0,0,0,0,0,0